33,Cat91,Prod1,834
33,Cat91,Prod2,835
33,Cat91,Prod3,836
33,Cat91,Prod4,837
33,Cat91,Prod5,838
33,Cat91,Prod6,839
33,Cat91,Prod7,840
33,Cat91,Prod8,841
33,Cat91,Prod9,842
33,Cat91,Prod10,843
33,Cat92,Prod1,844
33,Cat92,Prod2,845
33,Cat92,Prod3,846
33,Cat92,Prod4,847
33,Cat92,Prod5,848
33,Cat92,Prod6,849
33,Cat92,Prod7,850
33,Cat92,Prod8,851
33,Cat92,Prod9,852
33,Cat92,Prod10,853
33,Cat93,Prod1,854
33,Cat93,Prod2,855
33,Cat93,Prod3,856
33,Cat93,Prod4,857
33,Cat93,Prod5,858
33,Cat93,Prod6,859
33,Cat93,Prod7,860
33,Cat93,Prod8,861
33,Cat93,Prod9,862
33,Cat93,Prod10,863
33,Cat94,Prod1,864
33,Cat94,Prod2,865
33,Cat94,Prod3,866
33,Cat94,Prod4,867
33,Cat94,Prod5,868
33,Cat94,Prod6,869
33,Cat94,Prod7,870
33,Cat94,Prod8,871
33,Cat94,Prod9,872
33,Cat94,Prod10,873
33,Cat95,Prod1,874
33,Cat95,Prod2,875
33,Cat95,Prod3,876
33,Cat95,Prod4,877
33,Cat95,Prod5,878
33,Cat95,Prod6,879
33,Cat95,Prod7,880
33,Cat95,Prod8,881
33,Cat95,Prod9,882
33,Cat95,Prod10,883
33,Cat96,Prod1,884
33,Cat96,Prod2,885
33,Cat96,Prod3,886
33,Cat96,Prod4,887
33,Cat96,Prod5,888
33,Cat96,Prod6,889
33,Cat96,Prod7,890
33,Cat96,Prod8,891
33,Cat96,Prod9,892
33,Cat96,Prod10,893
33,Cat97,Prod1,894
33,Cat97,Prod2,895
33,Cat97,Prod3,896
33,Cat97,Prod4,897
33,Cat97,Prod5,898
33,Cat97,Prod6,899
33,Cat97,Prod7,900
33,Cat97,Prod8,901
33,Cat97,Prod9,902
33,Cat97,Prod10,903
33,Cat98,Prod1,904
33,Cat98,Prod2,905
33,Cat98,Prod3,906
33,Cat98,Prod4,907
33,Cat98,Prod5,908
33,Cat98,Prod6,909
33,Cat98,Prod7,910
33,Cat98,Prod8,911
33,Cat98,Prod9,912
33,Cat98,Prod10,913
33,Cat99,Prod1,914
33,Cat99,Prod2,915
33,Cat99,Prod3,916
33,Cat99,Prod4,917
33,Cat99,Prod5,918
33,Cat99,Prod6,919
33,Cat99,Prod7,920
33,Cat99,Prod8,921
33,Cat99,Prod9,922
33,Cat99,Prod10,923
33,Cat100,Prod1,924
33,Cat100,Prod2,925
33,Cat100,Prod3,926
33,Cat100,Prod4,927
33,Cat100,Prod5,928
33,Cat100,Prod6,929
33,Cat100,Prod7,930
33,Cat100,Prod8,931
33,Cat100,Prod9,932
33,Cat100,Prod10,933
33,Cat91,Prod1,934
33,Cat91,Prod2,935
33,Cat91,Prod3,936
33,Cat91,Prod4,937
33,Cat91,Prod5,938
33,Cat91,Prod6,939
33,Cat91,Prod7,940
33,Cat91,Prod8,941
33,Cat91,Prod9,942
33,Cat91,Prod10,943
33,Cat92,Prod1,944
33,Cat92,Prod2,945
33,Cat92,Prod3,946
33,Cat92,Prod4,947
33,Cat92,Prod5,948
33,Cat92,Prod6,949
33,Cat92,Prod7,950
33,Cat92,Prod8,951
33,Cat92,Prod9,952
33,Cat92,Prod10,953
33,Cat93,Prod1,954
33,Cat93,Prod2,955
33,Cat93,Prod3,956
33,Cat93,Prod4,957
33,Cat93,Prod5,958
33,Cat93,Prod6,959
33,Cat93,Prod7,960
33,Cat93,Prod8,961
33,Cat93,Prod9,962
33,Cat93,Prod10,963
33,Cat94,Prod1,964
33,Cat94,Prod2,965
33,Cat94,Prod3,966
33,Cat94,Prod4,967
33,Cat94,Prod5,968
33,Cat94,Prod6,969
33,Cat94,Prod7,970
33,Cat94,Prod8,971
33,Cat94,Prod9,972
33,Cat94,Prod10,973
33,Cat95,Prod1,974
33,Cat95,Prod2,975
33,Cat95,Prod3,976
33,Cat95,Prod4,977
33,Cat95,Prod5,978
33,Cat95,Prod6,979
33,Cat95,Prod7,980
33,Cat95,Prod8,981
33,Cat95,Prod9,982
33,Cat95,Prod10,983
33,Cat96,Prod1,984
33,Cat96,Prod2,985
33,Cat96,Prod3,986
33,Cat96,Prod4,987
33,Cat96,Prod5,988
33,Cat96,Prod6,989
33,Cat96,Prod7,990
33,Cat96,Prod8,991
33,Cat96,Prod9,992
33,Cat96,Prod10,993
33,Cat97,Prod1,994
33,Cat97,Prod2,995
33,Cat97,Prod3,996
33,Cat97,Prod4,997
33,Cat97,Prod5,998
33,Cat97,Prod6,999
33,Cat97,Prod7,1000
33,Cat97,Prod8,1001
33,Cat97,Prod9,1002
33,Cat97,Prod10,1003
33,Cat98,Prod1,1004
33,Cat98,Prod2,1005
33,Cat98,Prod3,1006
33,Cat98,Prod4,1007
33,Cat98,Prod5,1008
33,Cat98,Prod6,1009
33,Cat98,Prod7,1010
33,Cat98,Prod8,1011
33,Cat98,Prod9,1012
33,Cat98,Prod10,1013
33,Cat99,Prod1,1014
33,Cat99,Prod2,1015
33,Cat99,Prod3,1016
33,Cat99,Prod4,1017
33,Cat99,Prod5,1018
33,Cat99,Prod6,1019
33,Cat99,Prod7,1020
33,Cat99,Prod8,1021
33,Cat99,Prod9,1022
33,Cat99,Prod10,1023
33,Cat100,Prod1,1024
33,Cat100,Prod2,1025
33,Cat100,Prod3,1026
33,Cat100,Prod4,1027
33,Cat100,Prod5,1028
33,Cat100,Prod6,1029
33,Cat100,Prod7,1030
33,Cat100,Prod8,1031
33,Cat100,Prod9,1032
33,Cat100,Prod10,1033
