VendorTest5@gmail.com,TestVendor5,vendorTest5,8000000005,F,5,Y,8500000005
VendorTest4@gmail.com,TestVendor4,VendorTest4,8000000004,F,4,N,8000000004
Vendor1@gmail.com,Vedndor@1,Vendor1,9100000001,M,1,Y,9200000001
Vendor2@gmail.com,Vedndor@2,Vendor2,9100000002,M,2,Y,9200000002
Vendor3@gmail.com,Vedndor@3,Vendor3,9100000003,M,3,Y,9200000003
Vendor4@gmail.com,Vedndor@4,Vendor4,9100000004,M,4,Y,9200000004
Vendor5@gmail.com,Vedndor@5,Vendor5,9100000005,M,5,Y,9200000005
Vendor6@gmail.com,Vedndor@6,Vendor6,9100000006,M,6,Y,9200000006
Vendor7@gmail.com,Vedndor@7,Vendor7,9100000007,M,7,Y,9200000007
Vendor8@gmail.com,Vedndor@8,Vendor8,9100000008,M,8,Y,9200000008
Vendor9@gmail.com,Vedndor@9,Vendor9,9100000009,M,9,Y,9200000009
Vendor10@gmail.com,Vedndor@10,Vendor10,9100000010,M,10,Y,9200000010
Vendor11@gmail.com,Vedndor@11,Vendor11,9100000011,M,11,Y,9200000011
Vendor12@gmail.com,Vedndor@12,Vendor12,9100000012,M,12,Y,9200000012
Vendor13@gmail.com,Vedndor@13,Vendor13,9100000013,M,13,Y,9200000013
Vendor14@gmail.com,Vedndor@14,Vendor14,9100000014,M,1,Y,9200000014
Vendor15@gmail.com,Vedndor@15,Vendor15,9100000015,M,2,Y,9200000015
Vendor16@gmail.com,Vedndor@16,Vendor16,9100000016,M,3,Y,9200000016
Vendor17@gmail.com,Vedndor@17,Vendor17,9100000017,M,4,Y,9200000017
Vendor18@gmail.com,Vedndor@18,Vendor18,9100000018,M,5,Y,9200000018
Vendor19@gmail.com,Vedndor@19,Vendor19,9100000019,M,6,Y,9200000019
Vendor20@gmail.com,Vedndor@20,Vendor20,9100000020,M,7,Y,9200000020
Vendor21@gmail.com,Vedndor@21,Vendor21,9100000021,M,8,Y,9200000021
Vendor22@gmail.com,Vedndor@22,Vendor22,9100000022,M,9,Y,9200000022
Vendor23@gmail.com,Vedndor@23,Vendor23,9100000023,M,10,Y,9200000023
Vendor24@gmail.com,Vedndor@24,Vendor24,9100000024,M,11,Y,9200000024
Vendor25@gmail.com,Vedndor@25,Vendor25,9100000025,M,12,Y,9200000025
Vendor26@gmail.com,Vedndor@26,Vendor26,9100000026,M,13,Y,9200000026
Vendor27@gmail.com,Vedndor@27,Vendor27,9100000027,M,1,Y,9200000027
Vendor28@gmail.com,Vedndor@28,Vendor28,9100000028,M,2,Y,9200000028
Vendor29@gmail.com,Vedndor@29,Vendor29,9100000029,M,3,Y,9200000029
Vendor30@gmail.com,Vedndor@30,Vendor30,9100000030,M,4,Y,9200000030
Vendor31@gmail.com,Vedndor@31,Vendor31,9100000031,M,5,Y,9200000031
Vendor32@gmail.com,Vedndor@32,Vendor32,9100000032,M,6,Y,9200000032
Vendor33@gmail.com,Vedndor@33,Vendor33,9100000033,M,7,Y,9200000033
Vendor34@gmail.com,Vedndor@34,Vendor34,9100000034,M,8,Y,9200000034
Vendor35@gmail.com,Vedndor@35,Vendor35,9100000035,M,9,Y,9200000035
Vendor36@gmail.com,Vedndor@36,Vendor36,9100000036,M,10,Y,9200000036
Vendor37@gmail.com,Vedndor@37,Vendor37,9100000037,M,11,Y,9200000037
Vendor38@gmail.com,Vedndor@38,Vendor38,9100000038,M,12,Y,9200000038
Vendor39@gmail.com,Vedndor@39,Vendor39,9100000039,M,13,Y,9200000039
Vendor40@gmail.com,Vedndor@40,Vendor40,9100000040,M,1,Y,9200000040
Vendor41@gmail.com,Vedndor@41,Vendor41,9100000041,M,2,Y,9200000041
Vendor42@gmail.com,Vedndor@42,Vendor42,9100000042,M,3,Y,9200000042
Vendor43@gmail.com,Vedndor@43,Vendor43,9100000043,M,4,Y,9200000043
Vendor44@gmail.com,Vedndor@44,Vendor44,9100000044,M,5,Y,9200000044
Vendor45@gmail.com,Vedndor@45,Vendor45,9100000045,M,6,Y,9200000045
Vendor46@gmail.com,Vedndor@46,Vendor46,9100000046,M,7,Y,9200000046
Vendor47@gmail.com,Vedndor@47,Vendor47,9100000047,M,8,Y,9200000047
Vendor48@gmail.com,Vedndor@48,Vendor48,9100000048,M,9,Y,9200000048
Vendor49@gmail.com,Vedndor@49,Vendor49,9100000049,M,10,Y,9200000049
Vendor50@gmail.com,Vedndor@50,Vendor50,9100000050,M,11,Y,9200000050
Vendor51@gmail.com,Vedndor@51,Vendor51,9100000051,M,12,Y,9200000051
Vendor52@gmail.com,Vedndor@52,Vendor52,9100000052,M,13,Y,9200000052
Vendor53@gmail.com,Vedndor@53,Vendor53,9100000053,M,1,Y,9200000053
Vendor54@gmail.com,Vedndor@54,Vendor54,9100000054,M,2,Y,9200000054
Vendor55@gmail.com,Vedndor@55,Vendor55,9100000055,M,3,Y,9200000055
Vendor56@gmail.com,Vedndor@56,Vendor56,9100000056,M,4,Y,9200000056
Vendor57@gmail.com,Vedndor@57,Vendor57,9100000057,M,5,Y,9200000057
Vendor58@gmail.com,Vedndor@58,Vendor58,9100000058,M,6,Y,9200000058
Vendor59@gmail.com,Vedndor@59,Vendor59,9100000059,M,7,Y,9200000059
Vendor60@gmail.com,Vedndor@60,Vendor60,9100000060,M,8,Y,9200000060
Vendor61@gmail.com,Vedndor@61,Vendor61,9100000061,M,9,Y,9200000061
Vendor62@gmail.com,Vedndor@62,Vendor62,9100000062,M,10,Y,9200000062
Vendor63@gmail.com,Vedndor@63,Vendor63,9100000063,M,11,Y,9200000063
Vendor64@gmail.com,Vedndor@64,Vendor64,9100000064,M,12,Y,9200000064
Vendor65@gmail.com,Vedndor@65,Vendor65,9100000065,M,13,Y,9200000065
Vendor66@gmail.com,Vedndor@66,Vendor66,9100000066,M,1,Y,9200000066
Vendor67@gmail.com,Vedndor@67,Vendor67,9100000067,M,2,Y,9200000067
Vendor68@gmail.com,Vedndor@68,Vendor68,9100000068,M,3,Y,9200000068
Vendor69@gmail.com,Vedndor@69,Vendor69,9100000069,M,4,Y,9200000069
Vendor70@gmail.com,Vedndor@70,Vendor70,9100000070,M,5,Y,9200000070
Vendor71@gmail.com,Vedndor@71,Vendor71,9100000071,M,6,Y,9200000071
Vendor72@gmail.com,Vedndor@72,Vendor72,9100000072,M,7,Y,9200000072
Vendor73@gmail.com,Vedndor@73,Vendor73,9100000073,M,8,Y,9200000073
Vendor74@gmail.com,Vedndor@74,Vendor74,9100000074,M,9,Y,9200000074
Vendor75@gmail.com,Vedndor@75,Vendor75,9100000075,M,10,Y,9200000075
Vendor76@gmail.com,Vedndor@76,Vendor76,9100000076,M,11,Y,9200000076
Vendor77@gmail.com,Vedndor@77,Vendor77,9100000077,M,12,Y,9200000077
Vendor78@gmail.com,Vedndor@78,Vendor78,9100000078,M,13,Y,9200000078
Vendor79@gmail.com,Vedndor@79,Vendor79,9100000079,M,1,Y,9200000079
Vendor80@gmail.com,Vedndor@80,Vendor80,9100000080,M,2,Y,9200000080
Vendor81@gmail.com,Vedndor@81,Vendor81,9100000081,M,3,Y,9200000081
Vendor82@gmail.com,Vedndor@82,Vendor82,9100000082,M,4,Y,9200000082
Vendor83@gmail.com,Vedndor@83,Vendor83,9100000083,M,5,Y,9200000083
Vendor84@gmail.com,Vedndor@84,Vendor84,9100000084,M,6,Y,9200000084
Vendor85@gmail.com,Vedndor@85,Vendor85,9100000085,M,7,Y,9200000085
Vendor86@gmail.com,Vedndor@86,Vendor86,9100000086,M,8,Y,9200000086
Vendor87@gmail.com,Vedndor@87,Vendor87,9100000087,M,9,Y,9200000087
Vendor88@gmail.com,Vedndor@88,Vendor88,9100000088,M,10,Y,9200000088
Vendor89@gmail.com,Vedndor@89,Vendor89,9100000089,M,11,Y,9200000089
Vendor90@gmail.com,Vedndor@90,Vendor90,9100000090,M,12,Y,9200000090
Vendor91@gmail.com,Vedndor@91,Vendor91,9100000091,M,13,Y,9200000091
Vendor92@gmail.com,Vedndor@92,Vendor92,9100000092,M,1,Y,9200000092
Vendor93@gmail.com,Vedndor@93,Vendor93,9100000093,M,2,Y,9200000093
Vendor94@gmail.com,Vedndor@94,Vendor94,9100000094,M,3,Y,9200000094
Vendor95@gmail.com,Vedndor@95,Vendor95,9100000095,M,4,Y,9200000095
Vendor96@gmail.com,Vedndor@96,Vendor96,9100000096,M,5,Y,9200000096
Vendor97@gmail.com,Vedndor@97,Vendor97,9100000097,M,6,Y,9200000097
Vendor98@gmail.com,Vedndor@98,Vendor98,9100000098,M,7,Y,9200000098
Vendor99@gmail.com,Vedndor@99,Vendor99,9100000099,M,8,Y,9200000099
Vendor100@gmail.com,Vedndor@100,Vendor100,9100000100,M,9,Y,9200000100
Vendor101@gmail.com,Vedndor@101,Vendor101,9100000101,M,10,N,9200000101
Vendor102@gmail.com,Vedndor@102,Vendor102,9100000102,M,11,N,9200000102
Vendor103@gmail.com,Vedndor@103,Vendor103,9100000103,M,12,N,9200000103
Vendor104@gmail.com,Vedndor@104,Vendor104,9100000104,M,13,N,9200000104
Vendor105@gmail.com,Vedndor@105,Vendor105,9100000105,M,1,N,9200000105
Vendor106@gmail.com,Vedndor@106,Vendor106,9100000106,M,2,N,9200000106
Vendor107@gmail.com,Vedndor@107,Vendor107,9100000107,M,3,N,9200000107
Vendor108@gmail.com,Vedndor@108,Vendor108,9100000108,M,4,N,9200000108
Vendor109@gmail.com,Vedndor@109,Vendor109,9100000109,M,5,N,9200000109
Vendor110@gmail.com,Vedndor@110,Vendor110,9100000110,M,6,N,9200000110
Vendor111@gmail.com,Vedndor@111,Vendor111,9100000111,M,7,N,9200000111
Vendor112@gmail.com,Vedndor@112,Vendor112,9100000112,M,8,N,9200000112
Vendor113@gmail.com,Vedndor@113,Vendor113,9100000113,M,9,N,9200000113
Vendor114@gmail.com,Vedndor@114,Vendor114,9100000114,M,10,N,9200000114
Vendor115@gmail.com,Vedndor@115,Vendor115,9100000115,M,11,N,9200000115
Vendor116@gmail.com,Vedndor@116,Vendor116,9100000116,M,12,N,9200000116
Vendor117@gmail.com,Vedndor@117,Vendor117,9100000117,M,13,N,9200000117
Vendor118@gmail.com,Vedndor@118,Vendor118,9100000118,M,1,N,9200000118
Vendor119@gmail.com,Vedndor@119,Vendor119,9100000119,M,2,N,9200000119
Vendor120@gmail.com,Vedndor@120,Vendor120,9100000120,M,3,N,9200000120
Vendor121@gmail.com,Vedndor@121,Vendor121,9100000121,M,4,N,9200000121
Vendor122@gmail.com,Vedndor@122,Vendor122,9100000122,M,5,N,9200000122
Vendor123@gmail.com,Vedndor@123,Vendor123,9100000123,M,6,N,9200000123
Vendor124@gmail.com,Vedndor@124,Vendor124,9100000124,M,7,N,9200000124
Vendor125@gmail.com,Vedndor@125,Vendor125,9100000125,M,8,N,9200000125
Vendor126@gmail.com,Vedndor@126,Vendor126,9100000126,M,9,N,9200000126
Vendor127@gmail.com,Vedndor@127,Vendor127,9100000127,M,10,N,9200000127
Vendor128@gmail.com,Vedndor@128,Vendor128,9100000128,M,11,N,9200000128
Vendor129@gmail.com,Vedndor@129,Vendor129,9100000129,M,12,N,9200000129
Vendor130@gmail.com,Vedndor@130,Vendor130,9100000130,M,13,N,9200000130
Vendor131@gmail.com,Vedndor@131,Vendor131,9100000131,M,1,N,9200000131
Vendor132@gmail.com,Vedndor@132,Vendor132,9100000132,M,2,N,9200000132
Vendor133@gmail.com,Vedndor@133,Vendor133,9100000133,M,3,N,9200000133
Vendor134@gmail.com,Vedndor@134,Vendor134,9100000134,M,4,N,9200000134
Vendor135@gmail.com,Vedndor@135,Vendor135,9100000135,M,5,N,9200000135
Vendor136@gmail.com,Vedndor@136,Vendor136,9100000136,M,6,N,9200000136
Vendor137@gmail.com,Vedndor@137,Vendor137,9100000137,M,7,N,9200000137
Vendor138@gmail.com,Vedndor@138,Vendor138,9100000138,M,8,N,9200000138
Vendor139@gmail.com,Vedndor@139,Vendor139,9100000139,M,9,N,9200000139
Vendor140@gmail.com,Vedndor@140,Vendor140,9100000140,M,10,N,9200000140
Vendor141@gmail.com,Vedndor@141,Vendor141,9100000141,M,11,N,9200000141
Vendor142@gmail.com,Vedndor@142,Vendor142,9100000142,M,12,N,9200000142
Vendor143@gmail.com,Vedndor@143,Vendor143,9100000143,M,13,N,9200000143
Vendor144@gmail.com,Vedndor@144,Vendor144,9100000144,M,1,N,9200000144
Vendor145@gmail.com,Vedndor@145,Vendor145,9100000145,M,2,N,9200000145
Vendor146@gmail.com,Vedndor@146,Vendor146,9100000146,M,3,N,9200000146
Vendor147@gmail.com,Vedndor@147,Vendor147,9100000147,M,4,N,9200000147
Vendor148@gmail.com,Vedndor@148,Vendor148,9100000148,M,5,N,9200000148
Vendor149@gmail.com,Vedndor@149,Vendor149,9100000149,M,6,N,9200000149
Vendor150@gmail.com,Vedndor@150,Vendor150,9100000150,M,7,N,9200000150
Vendor151@gmail.com,Vedndor@151,Vendor151,9100000151,M,8,N,9200000151
Vendor152@gmail.com,Vedndor@152,Vendor152,9100000152,M,9,N,9200000152
Vendor153@gmail.com,Vedndor@153,Vendor153,9100000153,M,10,N,9200000153
Vendor154@gmail.com,Vedndor@154,Vendor154,9100000154,M,11,N,9200000154
Vendor155@gmail.com,Vedndor@155,Vendor155,9100000155,M,12,N,9200000155
Vendor156@gmail.com,Vedndor@156,Vendor156,9100000156,M,13,N,9200000156
Vendor157@gmail.com,Vedndor@157,Vendor157,9100000157,M,1,N,9200000157
Vendor158@gmail.com,Vedndor@158,Vendor158,9100000158,M,2,N,9200000158
Vendor159@gmail.com,Vedndor@159,Vendor159,9100000159,M,3,N,9200000159
Vendor160@gmail.com,Vedndor@160,Vendor160,9100000160,M,4,N,9200000160
Vendor161@gmail.com,Vedndor@161,Vendor161,9100000161,M,5,N,9200000161
Vendor162@gmail.com,Vedndor@162,Vendor162,9100000162,M,6,N,9200000162
Vendor163@gmail.com,Vedndor@163,Vendor163,9100000163,M,7,N,9200000163
Vendor164@gmail.com,Vedndor@164,Vendor164,9100000164,M,8,N,9200000164
Vendor165@gmail.com,Vedndor@165,Vendor165,9100000165,M,9,N,9200000165
Vendor166@gmail.com,Vedndor@166,Vendor166,9100000166,M,10,N,9200000166
Vendor167@gmail.com,Vedndor@167,Vendor167,9100000167,M,11,N,9200000167
Vendor168@gmail.com,Vedndor@168,Vendor168,9100000168,M,12,N,9200000168
Vendor169@gmail.com,Vedndor@169,Vendor169,9100000169,M,13,N,9200000169
Vendor170@gmail.com,Vedndor@170,Vendor170,9100000170,M,1,N,9200000170
Vendor171@gmail.com,Vedndor@171,Vendor171,9100000171,M,2,N,9200000171
Vendor172@gmail.com,Vedndor@172,Vendor172,9100000172,M,3,N,9200000172
Vendor173@gmail.com,Vedndor@173,Vendor173,9100000173,M,4,N,9200000173
Vendor174@gmail.com,Vedndor@174,Vendor174,9100000174,M,5,N,9200000174
Vendor175@gmail.com,Vedndor@175,Vendor175,9100000175,M,6,N,9200000175
Vendor176@gmail.com,Vedndor@176,Vendor176,9100000176,M,7,N,9200000176
Vendor177@gmail.com,Vedndor@177,Vendor177,9100000177,M,8,N,9200000177
Vendor178@gmail.com,Vedndor@178,Vendor178,9100000178,M,9,N,9200000178
Vendor179@gmail.com,Vedndor@179,Vendor179,9100000179,M,10,N,9200000179
Vendor180@gmail.com,Vedndor@180,Vendor180,9100000180,M,11,N,9200000180
Vendor181@gmail.com,Vedndor@181,Vendor181,9100000181,M,12,N,9200000181
Vendor182@gmail.com,Vedndor@182,Vendor182,9100000182,M,13,N,9200000182
Vendor183@gmail.com,Vedndor@183,Vendor183,9100000183,M,1,N,9200000183
Vendor184@gmail.com,Vedndor@184,Vendor184,9100000184,M,2,N,9200000184
Vendor185@gmail.com,Vedndor@185,Vendor185,9100000185,M,3,N,9200000185
Vendor186@gmail.com,Vedndor@186,Vendor186,9100000186,M,4,N,9200000186
Vendor187@gmail.com,Vedndor@187,Vendor187,9100000187,M,5,N,9200000187
Vendor188@gmail.com,Vedndor@188,Vendor188,9100000188,M,6,N,9200000188
Vendor189@gmail.com,Vedndor@189,Vendor189,9100000189,M,7,N,9200000189
Vendor190@gmail.com,Vedndor@190,Vendor190,9100000190,M,8,N,9200000190
Vendor191@gmail.com,Vedndor@191,Vendor191,9100000191,M,9,N,9200000191
Vendor192@gmail.com,Vedndor@192,Vendor192,9100000192,M,10,N,9200000192
Vendor193@gmail.com,Vedndor@193,Vendor193,9100000193,M,11,N,9200000193
Vendor194@gmail.com,Vedndor@194,Vendor194,9100000194,M,12,N,9200000194
Vendor195@gmail.com,Vedndor@195,Vendor195,9100000195,M,13,N,9200000195
Vendor196@gmail.com,Vedndor@196,Vendor196,9100000196,M,1,N,9200000196
Vendor197@gmail.com,Vedndor@197,Vendor197,9100000197,M,2,N,9200000197
Vendor198@gmail.com,Vedndor@198,Vendor198,9100000198,M,3,N,9200000198
Vendor199@gmail.com,Vedndor@199,Vendor199,9100000199,M,4,N,9200000199
Vendor200@gmail.com,Vedndor@200,Vendor200,9100000200,M,5,N,9200000200
